{
  "optimalZoom": 0.17,
  "networkCenter": {
    "x": 566.1166121296915,
    "y": 370.26792410399776
  },
  "networkBounds": {
    "minX": 46.63610839626179,
    "maxX": 1085.5971158631212,
    "minY": -97.91723893575164,
    "maxY": 838.4530871437471
  },
  "viewport": {
    "width": 1200,
    "height": 800
  }
}