{
  "optimalZoom": 0.17,
  "networkCenter": {
    "x": 561.9577662946928,
    "y": 361.7582753601296
  },
  "networkBounds": {
    "minX": 31.117626781117707,
    "maxX": 1092.7979058082678,
    "minY": -113.56823351455299,
    "maxY": 837.0847842348121
  },
  "viewport": {
    "width": 1200,
    "height": 800
  }
}