{
  "optimalZoom": 0.17,
  "networkCenter": {
    "x": 540.149102049219,
    "y": 353.13107989682914
  },
  "networkBounds": {
    "minX": 8.602358697124231,
    "maxX": 1071.6958454013138,
    "minY": -106.60324969273702,
    "maxY": 812.8654094863953
  },
  "viewport": {
    "width": 1200,
    "height": 800
  }
}