{
  "optimalZoom": 0.17,
  "networkCenter": {
    "x": 539.2317852938945,
    "y": 384.7448766233528
  },
  "networkBounds": {
    "minX": -2.8417127292627242,
    "maxX": 1081.3052833170518,
    "minY": -95.99117219216683,
    "maxY": 865.4809254388724
  },
  "viewport": {
    "width": 1200,
    "height": 800
  }
}