{
  "optimalZoom": 0.17,
  "networkCenter": {
    "x": 542.930946622354,
    "y": 286.46926656087817
  },
  "networkBounds": {
    "minX": 26.37072267718574,
    "maxX": 1059.4911705675222,
    "minY": -339.9034030914628,
    "maxY": 912.8419362132191
  },
  "viewport": {
    "width": 1200,
    "height": 800
  }
}